{
    "name": "%NAME%",
    "description": "%DESCRIPTION%",
    "version": "%VERSION%",
    "manifest_version": 3,
    "permissions": ["storage"],
    "action": {
        "default_icon": {
            "48": "icon48.png"
        }
    },
    "content_scripts": [
        {
            "matches": ["https://status.3dxchat.net/profile-editor"],
            "css": ["profile-editor.css"],
            "run_at": "document_idle",
            "js": ["profile-editor.js", "storage-helper.js"]
        }
    ]
}
